<?xml version="1.0" encoding="UTF-8"?>
<Configuration status="WARN">
    <Appenders>
        <!-- Console Appender wrapped in an Async Appender -->
        <Console name="Console" target="SYSTEM_OUT">
            <PatternLayout pattern="%d{yyyy-MMM-dd HH:mm:ss SSS} %-5level %logger{36}.%M() @%L : %msg%n"/>
        </Console>
        <Async name="AsyncConsole">
            <AppenderRef ref="Console"/>
        </Async>
    </Appenders>

    <Loggers>
        <Root level="info">
            <AppenderRef ref="AsyncConsole"/>
        </Root>
    </Loggers>
</Configuration>
