[
    {
      "date": "01-05-2025 09:15",
      "fileName": "CUST0012345.csv",
      "checksum": "SHA-256:a1b2c3d4e5f6...",
      "maker": "Sarah Johnson",
      "checker": "John Doe",
      "status": "Approved",
      "comments": "All records verified"
    },
    {
      "date": "01-05-2025 10:30",
      "fileName": "CUST0023456.csv",
      "checksum": "SHA-256:b2c3d4e5f6g7...",
      "maker": "Michael Chen",
      "checker": "Jane Smith",
      "status": "Approved",
      "comments": "No discrepancies found"
    },
    {
      "date": "01-05-2025 11:45",
      "fileName": "CUST0034567.csv",
      "checksum": "SHA-256:c3d4e5f6g7h8...",
      "maker": "Robert Brown",
      "checker": "",
      "status": "Pending",
      "comments": "RM details missing for 5 customers"
    },
    {
      "date": "01-05-2025 14:20",
      "fileName": "CUST0045678.csv",
      "checksum": "SHA-256:d4e5f6g7h8i9...",
      "maker": "Emily Davis",
      "checker": "John Doe",
      "status": "Rejected",
      "comments": "Incorrect phone numbers for 12 customers"
    },
    {
      "date": "02-05-2025 08:30",
      "fileName": "CUST0056789.csv",
      "checksum": "SHA-256:e5f6g7h8i9j0...",
      "maker": "David Wilson",
      "checker": "",
      "status": "Pending",
      "comments": "Email addresses missing for 8 customers"
    },
    {
      "date": "02-05-2025 10:15",
      "fileName": "CUST0067890.csv",
      "checksum": "SHA-256:f6g7h8i9j0k1...",
      "maker": "Lisa Miller",
      "checker": "Jane Smith",
      "status": "Approved",
      "comments": "All contact details verified"
    },
    {
      "date": "02-05-2025 11:30",
      "fileName": "CUST0078901.csv",
      "checksum": "SHA-256:g7h8i9j0k1l2...",
      "maker": "James Wilson",
      "checker": "",
      "status": "Pending",
      "comments": "RM assignment pending for new customers"
    },
    {
      "date": "02-05-2025 14:45",
      "fileName": "CUST0089012.csv",
      "checksum": "SHA-256:h8i9j0k1l2m3...",
      "maker": "Jennifer Lee",
      "checker": "John Doe",
      "status": "Rejected",
      "comments": "Duplicate records found (15 customers)"
    },
    {
      "date": "03-05-2025 09:00",
      "fileName": "CUST0090123.csv",
      "checksum": "SHA-256:i9j0k1l2m3n4...",
      "maker": "Thomas Brown",
      "checker": "",
      "status": "Pending",
      "comments": "Customer IDs not formatted correctly"
    },
    {
      "date": "03-05-2025 10:30",
      "fileName": "CUST0101234.csv",
      "checksum": "SHA-256:j0k1l2m3n4o5...",
      "maker": "Patricia Johnson",
      "checker": "Jane Smith",
      "status": "Approved",
      "comments": "All RM assignments correct"
    },
    {
      "date": "03-05-2025 12:15",
      "fileName": "CUST0112345.csv",
      "checksum": "SHA-256:k1l2m3n4o5p6...",
      "maker": "Richard Davis",
      "checker": "",
      "status": "Pending",
      "comments": "Address validation required for 22 customers"
    },
    {
      "date": "03-05-2025 15:00",
      "fileName": "CUST0123456.csv",
      "checksum": "SHA-256:l2m3n4o5p6q7...",
      "maker": "Susan Wilson",
      "checker": "John Doe",
      "status": "Rejected",
      "comments": "Incorrect RM assignments for premium customers"
    },
    {
      "date": "04-05-2025 08:45",
      "fileName": "CUST0134567.csv",
      "checksum": "SHA-256:m3n4o5p6q7r8...",
      "maker": "Charles Miller",
      "checker": "",
      "status": "Pending",
      "comments": "Phone number format inconsistent"
    },
    {
      "date": "04-05-2025 11:00",
      "fileName": "CUST0145678.csv",
      "checksum": "SHA-256:n4o5p6q7r8s9...",
      "maker": "Jessica Brown",
      "checker": "Jane Smith",
      "status": "Approved",
      "comments": "All customer-RM mappings correct"
    },
    {
      "date": "04-05-2025 13:30",
      "fileName": "CUST0156789.csv",
      "checksum": "SHA-256:o5p6q7r8s9t0...",
      "maker": "Daniel Johnson",
      "checker": "",
      "status": "Pending",
      "comments": "Missing KYC dates for 7 customers"
    },
    {
      "date": "04-05-2025 16:15",
      "fileName": "CUST0167890.csv",
      "checksum": "SHA-256:p6q7r8s9t0u1...",
      "maker": "Nancy Davis",
      "checker": "John Doe",
      "status": "Rejected",
      "comments": "RM contact details outdated"
    },
    {
      "date": "05-05-2025 09:30",
      "fileName": "CUST0178901.csv",
      "checksum": "SHA-256:q7r8s9t0u1v2...",
      "maker": "Paul Wilson",
      "checker": "",
      "status": "Pending",
      "comments": "Customer segmentation tags missing"
    },
    {
      "date": "05-05-2025 11:45",
      "fileName": "CUST0189012.csv",
      "checksum": "SHA-256:r8s9t0u1v2w3...",
      "maker": "Karen Smith",
      "checker": "Jane Smith",
      "status": "Approved",
      "comments": "All customer contact details verified"
    },
    {
      "date": "05-05-2025 14:00",
      "fileName": "CUST0190123.csv",
      "checksum": "SHA-256:s9t0u1v2w3x4...",
      "maker": "Mark Johnson",
      "checker": "",
      "status": "Pending",
      "comments": "RM performance ratings incomplete"
    },
    {
      "date": "05-05-2025 16:30",
      "fileName": "CUST0201234.csv",
      "checksum": "SHA-256:t0u1v2w3x4y5...",
      "maker": "Laura Brown",
      "checker": "John Doe",
      "status": "Rejected",
      "comments": "Customer-RM tenure data incorrect"
    },
    {
      "date": "06-05-2025 08:15",
      "fileName": "CUST0212345.csv",
      "checksum": "SHA-256:u1v2w3x4y5z6...",
      "maker": "Kevin Davis",
      "checker": "",
      "status": "Pending",
      "comments": "Customer satisfaction scores missing"
    },
    {
      "date": "06-05-2025 10:30",
      "fileName": "CUST0223456.csv",
      "checksum": "SHA-256:v2w3x4y5z6a7...",
      "maker": "Amanda Wilson",
      "checker": "Jane Smith",
      "status": "Approved",
      "comments": "All RM assignments validated"
    },
    {
      "date": "06-05-2025 12:45",
      "fileName": "CUST0234567.csv",
      "checksum": "SHA-256:w3x4y5z6a7b8...",
      "maker": "Steven Miller",
      "checker": "",
      "status": "Pending",
      "comments": "Customer interaction history incomplete"
    },
    {
      "date": "06-05-2025 15:00",
      "fileName": "CUST0245678.csv",
      "checksum": "SHA-256:x4y5z6a7b8c9...",
      "maker": "Melissa Johnson",
      "checker": "John Doe",
      "status": "Rejected",
      "comments": "RM workload distribution uneven"
    },
    {
      "date": "07-05-2025 09:15",
      "fileName": "CUST0256789.csv",
      "checksum": "SHA-256:y5z6a7b8c9d0...",
      "maker": "Timothy Brown",
      "checker": "",
      "status": "Pending",
      "comments": "Customer priority flags missing"
    },
    {
      "date": "07-05-2025 11:30",
      "fileName": "CUST0267890.csv",
      "checksum": "SHA-256:z6a7b8c9d0e1...",
      "maker": "Christine Davis",
      "checker": "Jane Smith",
      "status": "Approved",
      "comments": "All customer profiles complete"
    },
    {
      "date": "07-05-2025 13:45",
      "fileName": "CUST0278901.csv",
      "checksum": "SHA-256:a7b8c9d0e1f2...",
      "maker": "Brian Wilson",
      "checker": "",
      "status": "Pending",
      "comments": "RM contact frequency data missing"
    },
    {
      "date": "07-05-2025 16:00",
      "fileName": "CUST0289012.csv",
      "checksum": "SHA-256:b8c9d0e1f2g3...",
      "maker": "Angela Smith",
      "checker": "John Doe",
      "status": "Rejected",
      "comments": "Incorrect customer-RM matching algorithm"
    },
    {
      "date": "08-05-2025 08:30",
      "fileName": "CUST0290123.csv",
      "checksum": "SHA-256:c9d0e1f2g3h4...",
      "maker": "Jason Johnson",
      "checker": "",
      "status": "Pending",
      "comments": "Customer feedback not recorded"
    },
    {
      "date": "08-05-2025 10:45",
      "fileName": "CUST0301234.csv",
      "checksum": "SHA-256:d0e1f2g3h4i5...",
      "maker": "Rebecca Brown",
      "checker": "Jane Smith",
      "status": "Approved",
      "comments": "All RM performance metrics verified"
    },
    {
      "date": "08-05-2025 13:00",
      "fileName": "CUST0312345.csv",
      "checksum": "SHA-256:e1f2g3h4i5j6...",
      "maker": "Nicholas Davis",
      "checker": "",
      "status": "Pending",
      "comments": "Customer account statuses outdated"
    },
    {
      "date": "08-05-2025 15:15",
      "fileName": "CUST0323456.csv",
      "checksum": "SHA-256:f2g3h4i5j6k7...",
      "maker": "Stephanie Wilson",
      "checker": "John Doe",
      "status": "Rejected",
      "comments": "RM availability data incorrect"
    },
    {
      "date": "09-05-2025 09:00",
      "fileName": "CUST0334567.csv",
      "checksum": "SHA-256:g3h4i5j6k7l8...",
      "maker": "Eric Miller",
      "checker": "",
      "status": "Pending",
      "comments": "Customer segmentation incomplete"
    },
    {
      "date": "09-05-2025 11:15",
      "fileName": "CUST0345678.csv",
      "checksum": "SHA-256:h4i5j6k7l8m9...",
      "maker": "Rachel Johnson",
      "checker": "Jane Smith",
      "status": "Approved",
      "comments": "All customer-RM relationships validated"
    },
    {
      "date": "09-05-2025 13:30",
      "fileName": "CUST0356789.csv",
      "checksum": "SHA-256:i5j6k7l8m9n0...",
      "maker": "Jonathan Brown",
      "checker": "",
      "status": "Pending",
      "comments": "RM performance metrics incomplete"
    },
    {
      "date": "09-05-2025 15:45",
      "fileName": "CUST0367890.csv",
      "checksum": "SHA-256:j6k7l8m9n0o1...",
      "maker": "Heather Davis",
      "checker": "John Doe",
      "status": "Rejected",
      "comments": "Customer contact preferences outdated"
    },
    {
      "date": "10-05-2025 08:15",
      "fileName": "CUST0378901.csv",
      "checksum": "SHA-256:k7l8m9n0o1p2...",
      "maker": "Patrick Wilson",
      "checker": "",
      "status": "Pending",
      "comments": "RM skill assignments missing"
    },
    {
      "date": "10-05-2025 10:30",
      "fileName": "CUST0389012.csv",
      "checksum": "SHA-256:l8m9n0o1p2q3...",
      "maker": "Megan Smith",
      "checker": "Jane Smith",
      "status": "Approved",
      "comments": "All customer records complete"
    },
    {
      "date": "10-05-2025 12:45",
      "fileName": "CUST0390123.csv",
      "checksum": "SHA-256:m9n0o1p2q3r4...",
      "maker": "Scott Johnson",
      "checker": "",
      "status": "Pending",
      "comments": "Customer interaction history gaps"
    },
    {
      "date": "10-05-2025 15:00",
      "fileName": "CUST0401234.csv",
      "checksum": "SHA-256:n0o1p2q3r4s5...",
      "maker": "Tiffany Brown",
      "checker": "John Doe",
      "status": "Rejected",
      "comments": "RM workload capacity exceeded"
    },
    {
      "date": "11-05-2025 08:30",
      "fileName": "CUST0412345.csv",
      "checksum": "SHA-256:o1p2q3r4s5t6...",
      "maker": "Gregory Davis",
      "checker": "",
      "status": "Pending",
      "comments": "Customer account notes incomplete"
    },
    {
      "date": "11-05-2025 10:45",
      "fileName": "CUST0423456.csv",
      "checksum": "SHA-256:p2q3r4s5t6u7...",
      "maker": "Victoria Wilson",
      "checker": "Jane Smith",
      "status": "Approved",
      "comments": "All RM assignments verified"
    },
    {
      "date": "11-05-2025 13:00",
      "fileName": "CUST0434567.csv",
      "checksum": "SHA-256:q3r4s5t6u7v8...",
      "maker": "Dennis Miller",
      "checker": "",
      "status": "Pending",
      "comments": "Customer service level agreements missing"
    },
    {
      "date": "11-05-2025 15:15",
      "fileName": "CUST0445678.csv",
      "checksum": "SHA-256:r4s5t6u7v8w9...",
      "maker": "Brenda Johnson",
      "checker": "John Doe",
      "status": "Rejected",
      "comments": "Incorrect customer-RM matching criteria"
    },
    {
      "date": "12-05-2025 08:45",
      "fileName": "CUST0456789.csv",
      "checksum": "SHA-256:s5t6u7v8w9x0...",
      "maker": "Jeremy Brown",
      "checker": "",
      "status": "Pending",
      "comments": "RM performance reviews incomplete"
    },
    {
      "date": "12-05-2025 11:00",
      "fileName": "CUST0467890.csv",
      "checksum": "SHA-256:t6u7v8w9x0y1...",
      "maker": "Cynthia Davis",
      "checker": "Jane Smith",
      "status": "Approved",
      "comments": "All customer contact details correct"
    },
    {
      "date": "12-05-2025 13:15",
      "fileName": "CUST0478901.csv",
      "checksum": "SHA-256:u7v8w9x0y1z2...",
      "maker": "Aaron Wilson",
      "checker": "",
      "status": "Pending",
      "comments": "Customer account flags missing"
    },
    {
      "date": "12-05-2025 15:30",
      "fileName": "CUST0489012.csv",
      "checksum": "SHA-256:v8w9x0y1z2a3...",
      "maker": "Katherine Smith",
      "checker": "John Doe",
      "status": "Rejected",
      "comments": "RM availability schedule conflicts"
    },
    {
      "date": "13-05-2025 09:00",
      "fileName": "CUST0490123.csv",
      "checksum": "SHA-256:w9x0y1z2a3b4...",
      "maker": "Walter Johnson",
      "checker": "",
      "status": "Pending",
      "comments": "Customer interaction records incomplete"
    },
    {
      "date": "13-05-2025 11:15",
      "fileName": "CUST0501234.csv",
      "checksum": "SHA-256:x0y1z2a3b4c5...",
      "maker": "Deborah Brown",
      "checker": "Jane Smith",
      "status": "Approved",
      "comments": "All RM assignments validated"
    }
  ]