[
    {
      "date": "2023-08-15",
      "fileName": "12345678901.csv",
      "checksum": "f71dbe526e9a6f4bffd8c1ee4ea64389ceacdaf5d20d63e0f5cb4fa7ebdd1f2b",
      "submittedBy": "Alice Johnson",
      "approvalStatus": "Approved",
      "approvedBy": "Admin User"
    },
    {
      "date": "2023-08-14",
      "fileName": "23456789012.csv",
      "checksum": "3a7d4e1f8c45b96d1024a67e5f8d9c0b7a2e6f1c0d5a3b8e7f9c1d0a2e6f1c0d",
      "submittedBy": "Bob Smith",
      "approvalStatus": "Pending",
      "approvedBy": "N/A"
    },
    {
      "date": "2023-08-13",
      "fileName": "34567890123.csv",
      "checksum": "e2c6d1a2f8ab7e9d0c5a3b8e7f9c1d0a2e6f1c0d3a7d4e1f8c45b96d1024a6",
      "submittedBy": "Charlie Davis",
      "approvalStatus": "Approved",
      "approvedBy": "Moderator"
    },
    {
      "date": "2023-08-12",
      "fileName": "45678901234.csv",
      "checksum": "9d0c5a3b8e7f9c1d0a2e6f1c0d3a7d4e1f8c45b96d1024a6e2c6d1a2f8ab7e",
      "submittedBy": "Diana Moore",
      "approvalStatus": "Pending",
      "approvedBy": "N/A"
    },
    {
      "date": "2023-08-11",
      "fileName": "56789012345.csv",
      "checksum": "c1ee4ea64389ceacdaf5d20d63e0f5cb4fa7ebdd1f2bf71dbe526e9a6f4bffd8",
      "submittedBy": "Ethan Lee",
      "approvalStatus": "Approved",
      "approvedBy": "Admin User"
    },
    {
      "date": "2023-08-10",
      "fileName": "67890123456.csv",
      "checksum": "8c45b96d1024a6e2c6d1a2f8ab7e9d0c5a3b8e7f9c1d0a2e6f1c0d3a7d4e1f",
      "submittedBy": "Fiona Carter",
      "approvalStatus": "Pending",
      "approvedBy": "N/A"
    },
    {
      "date": "2023-08-09",
      "fileName": "78901234567.csv",
      "checksum": "1d0a2e6f1c0d3a7d4e1f8c45b96d1024a6e2c6d1a2f8ab7e9d0c5a3b8e7f9c",
      "submittedBy": "George Hall",
      "approvalStatus": "Approved",
      "approvedBy": "Admin User"
    },
    {
      "date": "2023-08-08",
      "fileName": "89012345678.csv",
      "checksum": "7f9c1d0a2e6f1c0d3a7d4e1f8c45b96d1024a6e2c6d1a2f8ab7e9d0c5a3b8e",
      "submittedBy": "Hannah King",
      "approvalStatus": "Pending",
      "approvedBy": "N/A"
    },
    {
      "date": "2023-08-07",
      "fileName": "90123456789.csv",
      "checksum": "6d1024a6e2c6d1a2f8ab7e9d0c5a3b8e7f9c1d0a2e6f1c0d3a7d4e1f8c45b9",
      "submittedBy": "Ian Wright",
      "approvalStatus": "Approved",
      "approvedBy": "Moderator"
    },
    {
      "date": "2023-08-06",
      "fileName": "01234567890.csv",
      "checksum": "a3b8e7f9c1d0a2e6f1c0d3a7d4e1f8c45b96d1024a6e2c6d1a2f8ab7e9d0c5",
      "submittedBy": "Jessica Brown",
      "approvalStatus": "Pending",
      "approvedBy": "N/A"
    },
    {
      "date": "2023-08-05",
      "fileName": "12345678910.csv",
      "checksum": "d0a2e6f1c0d3a7d4e1f8c45b96d1024a6e2c6d1a2f8ab7e9d0c5a3b8e7f9c1",
      "submittedBy": "Kyle Miller",
      "approvalStatus": "Approved",
      "approvedBy": "Admin User"
    },
    {
      "date": "2023-08-04",
      "fileName": "23456789013.csv",
      "checksum": "45b96d1024a6e2c6d1a2f8ab7e9d0c5a3b8e7f9c1d0a2e6f1c0d3a7d4e1f8c",
      "submittedBy": "Laura Scott",
      "approvalStatus": "Pending",
      "approvedBy": "N/A"
    },
    {
      "date": "2023-08-03",
      "fileName": "34567890124.csv",
      "checksum": "1c0d3a7d4e1f8c45b96d1024a6e2c6d1a2f8ab7e9d0c5a3b8e7f9c1d0a2e6f",
      "submittedBy": "Mark Taylor",
      "approvalStatus": "Approved",
      "approvedBy": "Moderator"
    },
    {
      "date": "2023-08-02",
      "fileName": "45678901235.csv",
      "checksum": "96d1024a6e2c6d1a2f8ab7e9d0c5a3b8e7f9c1d0a2e6f1c0d3a7d4e1f8c45b",
      "submittedBy": "Nina Clark",
      "approvalStatus": "Pending",
      "approvedBy": "N/A"
    },
    {
      "date": "2023-08-01",
      "fileName": "56789012346.csv",
      "checksum": "1f8c45b96d1024a6e2c6d1a2f8ab7e9d0c5a3b8e7f9c1d0a2e6f1c0d3a7d4e",
      "submittedBy": "Owen Hill",
      "approvalStatus": "Approved",
      "approvedBy": "Admin User"
    },
    {
      "date": "2023-07-31",
      "fileName": "67890123457.csv",
      "checksum": "8ab7e9d0c5a3b8e7f9c1d0a2e6f1c0d3a7d4e1f8c45b96d1024a6e2c6d1a2f",
      "submittedBy": "Patricia Young",
      "approvalStatus": "Pending",
      "approvedBy": "N/A"
    },
    {
      "date": "2023-07-30",
      "fileName": "78901234568.csv",
      "checksum": "6f1c0d3a7d4e1f8c45b96d1024a6e2c6d1a2f8ab7e9d0c5a3b8e7f9c1d0a2e",
      "submittedBy": "Quinn Adams",
      "approvalStatus": "Approved",
      "approvedBy": "Moderator"
    },
    {
      "date": "2023-07-29",
      "fileName": "89012345679.csv",
      "checksum": "4a6e2c6d1a2f8ab7e9d0c5a3b8e7f9c1d0a2e6f1c0d3a7d4e1f8c45b96d10",
      "submittedBy": "Rachel Green",
      "approvalStatus": "Pending",
      "approvedBy": "N/A"
    },
    {
      "date": "2023-07-28",
      "fileName": "90123456780.csv",
      "checksum": "2e6f1c0d3a7d4e1f8c45b96d1024a6e2c6d1a2f8ab7e9d0c5a3b8e7f9c1d0a",
      "submittedBy": "Samuel Reed",
      "approvalStatus": "Approved",
      "approvedBy": "Admin User"
    },
    {
      "date": "2023-07-27",
      "fileName": "01234567891.csv",
      "checksum": "5a3b8e7f9c1d0a2e6f1c0d3a7d4e1f8c45b96d1024a6e2c6d1a2f8ab7e9d0c",
      "submittedBy": "Tanya Evans",
      "approvalStatus": "Pending",
      "approvedBy": "N/A"
    },
    {
      "date": "2023-07-26",
      "fileName": "12345678921.csv",
      "checksum": "7e9d0c5a3b8e7f9c1d0a2e6f1c0d3a7d4e1f8c45b96d1024a6e2c6d1a2f8a",
      "submittedBy": "Uma Parker",
      "approvalStatus": "Approved",
      "approvedBy": "Moderator"
    },
    {
      "date": "2023-07-25",
      "fileName": "23456789032.csv",
      "checksum": "2c6d1a2f8ab7e9d0c5a3b8e7f9c1d0a2e6f1c0d3a7d4e1f8c45b96d1024a6",
      "submittedBy": "Vincent White",
      "approvalStatus": "Pending",
      "approvedBy": "N/A"
    },
    {
      "date": "2023-07-24",
      "fileName": "34567890143.csv",
      "checksum": "6f1c0d3a7d4e1f8c45b96d1024a6e2c6d1a2f8ab7e9d0c5a3b8e7f9c1d0a2e",
      "submittedBy": "Wendy Bell",
      "approvalStatus": "Approved",
      "approvedBy": "Admin User"
    },
    {
      "date": "2023-07-23",
      "fileName": "45678901254.csv",
      "checksum": "8c45b96d1024a6e2c6d1a2f8ab7e9d0c5a3b8e7f9c1d0a2e6f1c0d3a7d4e1f",
      "submittedBy": "Xander Price",
      "approvalStatus": "Pending",
      "approvedBy": "N/A"
    },
    {
      "date": "2023-07-22",
      "fileName": "56789012365.csv",
      "checksum": "9c1d0a2e6f1c0d3a7d4e1f8c45b96d1024a6e2c6d1a2f8ab7e9d0c5a3b8e7f",
      "submittedBy": "Yasmine Cook",
      "approvalStatus": "Approved",
      "approvedBy": "Moderator"
    },
    {
      "date": "2023-07-21",
      "fileName": "67890123476.csv",
      "checksum": "1d0a2e6f1c0d3a7d4e1f8c45b96d1024a6e2c6d1a2f8ab7e9d0c5a3b8e7f9c",
      "submittedBy": "Zachary Hughes",
      "approvalStatus": "Pending",
      "approvedBy": "N/A"
    },
    {
      "date": "2023-07-20",
      "fileName": "78901234587.csv",
      "checksum": "4e1f8c45b96d1024a6e2c6d1a2f8ab7e9d0c5a3b8e7f9c1d0a2e6f1c0d3a7d",
      "submittedBy": "Amber Ward",
      "approvalStatus": "Approved",
      "approvedBy": "Admin User"
    },
    {
      "date": "2023-07-19",
      "fileName": "89012345698.csv",
      "checksum": "5b96d1024a6e2c6d1a2f8ab7e9d0c5a3b8e7f9c1d0a2e6f1c0d3a7d4e1f8c",
      "submittedBy": "Bruce Edwards",
      "approvalStatus": "Pending",
      "approvedBy": "N/A"
    },
    {
      "date": "2023-07-18",
      "fileName": "90123456709.csv",
      "checksum": "1c0d3a7d4e1f8c45b96d1024a6e2c6d1a2f8ab7e9d0c5a3b8e7f9c1d0a2e6f",
      "submittedBy": "Uma Parker",
      "approvalStatus": "Approved",
      "approvedBy": "Moderator"
    }
  ]